sampling_id,location,year,habitat_type,sample_category,sampleID,length_mm,notes
DH_2021_eelgrass,Drayton Harbor,2021,eelgrass,amphipod,SI_127,,picked from marina
PBR_2021_eelgrass,Padilla Bay Reserve,2021,eelgrass,amphipod,SI_138,,picked from japonica
OCS_2021_clamnet,Oyster Creek Samish,2021,clamnet,amphipod,SI_140,,picked from japonica
PBR_2021_eelgrass,Padilla Bay Reserve,2021,eelgrass,amphipod,SI_81,,picked off of marina
DH_2021_flipbags,Drayton Harbor,2021,flipbags,amphipod,SI_98,,picked off marina
PBR_2022_eelgrass,Padilla Bay Reserve,2022,eelgrass,amphipods,SI_448,,about 15 small to medium
PBR_2022_eelgrass,Padilla Bay Reserve,2022,eelgrass,amphipods,SI_449,,about 5 large ones
DH_2021_flipbags,Drayton Harbor,2021,flipbags,bubble snail,SI_102,,
DH_2021_flipbags,Drayton Harbor,2021,flipbags,bubble snail,SI_103,,
DH_2021_flipbags,Drayton Harbor,2021,flipbags,bubble snail,SI_104,,
DH_2021_flipbags,Drayton Harbor,2021,flipbags,bubble snail,SI_105,,
DH_2021_flipbags,Drayton Harbor,2021,flipbags,bubble snail,SI_106,,
DH_2021_eelgrass,Drayton Harbor,2021,eelgrass,bubble snail,SI_119,,
DH_2021_eelgrass,Drayton Harbor,2021,eelgrass,bubble snail,SI_120,,
DH_2021_eelgrass,Drayton Harbor,2021,eelgrass,bubble snail,SI_121,,
DH_2021_eelgrass,Drayton Harbor,2021,eelgrass,bubble snail,SI_122,,
DH_2021_eelgrass,Drayton Harbor,2021,eelgrass,bubble snail,SI_123,,
OCS_2022_flipbags,Oyster Creek Samish,2022,flipbags,bubble snail,SI_346,,
OCS_2022_flipbags,Oyster Creek Samish,2022,flipbags,bubble snail,SI_347,,
OCS_2022_flipbags,Oyster Creek Samish,2022,flipbags,bubble snail,SI_348,,
OCS_2022_flipbags,Oyster Creek Samish,2022,flipbags,bubble snail,SI_349,,
OCS_2022_flipbags,Oyster Creek Samish,2022,flipbags,bubble snail,SI_350,,
OCS_2022_flipbags,Oyster Creek Samish,2022,flipbags,bubble snail,SI_351,,
OCS_2022_flipbags,Oyster Creek Samish,2022,flipbags,bubble snail,SI_352,,
OCS_2022_flipbags,Oyster Creek Samish,2022,flipbags,bubble snail,SI_353,,
OCS_2022_flipbags,Oyster Creek Samish,2022,flipbags,bubble snail,SI_354,,
OCS_2022_flipbags,Oyster Creek Samish,2022,flipbags,bubble snail,SI_355,,
OCS_2022_flipbags,Oyster Creek Samish,2022,flipbags,bubble snail,SI_356,,
OCS_2022_flipbags,Oyster Creek Samish,2022,flipbags,bubble snail,SI_357,,
OCS_2022_flipbags,Oyster Creek Samish,2022,flipbags,bubble snail,SI_358,,
OCS_2022_flipbags,Oyster Creek Samish,2022,flipbags,bubble snail,SI_359,,
OCS_2022_flipbags,Oyster Creek Samish,2022,flipbags,bubble snail,SI_360,,
OCS_2022_flipbags,Oyster Creek Samish,2022,flipbags,bubble snail,SI_361,,
OCS_2022_flipbags,Oyster Creek Samish,2022,flipbags,bubble snail,SI_362,,
OCS_2022_eelgrass,Oyster Creek Samish,2022,eelgrass,bubble snail,SI_363,,
OCS_2022_eelgrass,Oyster Creek Samish,2022,eelgrass,bubble snail,SI_364,,
OCS_2022_eelgrass,Oyster Creek Samish,2022,eelgrass,bubble snail,SI_365,,
OCS_2022_eelgrass,Oyster Creek Samish,2022,eelgrass,bubble snail,SI_366,,
OCS_2022_eelgrass,Oyster Creek Samish,2022,eelgrass,bubble snail,SI_367,,
OCS_2022_eelgrass,Oyster Creek Samish,2022,eelgrass,bubble snail,SI_368,,
OCS_2022_eelgrass,Oyster Creek Samish,2022,eelgrass,bubble snail,SI_369,,
OCS_2022_eelgrass,Oyster Creek Samish,2022,eelgrass,bubble snail,SI_370,,
OCS_2022_eelgrass,Oyster Creek Samish,2022,eelgrass,bubble snail,SI_371,,
OCS_2022_eelgrass,Oyster Creek Samish,2022,eelgrass,bubble snail,SI_372,,
OCS_2022_eelgrass,Oyster Creek Samish,2022,eelgrass,bubble snail,SI_373,,
OCS_2022_eelgrass,Oyster Creek Samish,2022,eelgrass,bubble snail,SI_374,,
OCS_2022_eelgrass,Oyster Creek Samish,2022,eelgrass,bubble snail,SI_375,,
OCS_2022_eelgrass,Oyster Creek Samish,2022,eelgrass,bubble snail,SI_376,,
OCS_2022_eelgrass,Oyster Creek Samish,2022,eelgrass,bubble snail,SI_377,,
OCS_2022_eelgrass,Oyster Creek Samish,2022,eelgrass,bubble snail,SI_378,,
PBR_2022_eelgrass,Padilla Bay Reserve,2022,eelgrass,bubble snail,SI_429,,
PBR_2022_eelgrass,Padilla Bay Reserve,2022,eelgrass,bubble snail,SI_430,,
PBR_2022_eelgrass,Padilla Bay Reserve,2022,eelgrass,bubble snail,SI_431,,
PBR_2022_eelgrass,Padilla Bay Reserve,2022,eelgrass,bubble snail,SI_432,,
PBR_2022_eelgrass,Padilla Bay Reserve,2022,eelgrass,bubble snail,SI_433,,
PBR_2022_eelgrass,Padilla Bay Reserve,2022,eelgrass,bubble snail,SI_434,,
PBR_2022_eelgrass,Padilla Bay Reserve,2022,eelgrass,bubble snail,SI_435,,
PBR_2022_eelgrass,Padilla Bay Reserve,2022,eelgrass,bubble snail,SI_436,,
PBR_2022_eelgrass,Padilla Bay Reserve,2022,eelgrass,bubble snail,SI_437,,
PBR_2022_eelgrass,Padilla Bay Reserve,2022,eelgrass,bubble snail,SI_438,,
DH_2022_general,Drayton Harbor,2022,flipbags,bubble snail,SI_595,,
DH_2022_general,Drayton Harbor,2022,flipbags,bubble snail,SI_596,,
DH_2022_general,Drayton Harbor,2022,flipbags,bubble snail,SI_597,,
DH_2022_general,Drayton Harbor,2022,flipbags,bubble snail,SI_598,,
DH_2022_general,Drayton Harbor,2022,flipbags,bubble snail,SI_599,,
DH_2022_general,Drayton Harbor,2022,flipbags,bubble snail,SI_600,,
DH_2022_general,Drayton Harbor,2022,flipbags,bubble snail,SI_601,,
DH_2022_general,Drayton Harbor,2022,flipbags,bubble snail,SI_602,,
DH_2022_general,Drayton Harbor,2022,flipbags,bubble snail,SI_603,,
DH_2022_general,Drayton Harbor,2022,flipbags,bubble snail,SI_604,,
DH_2022_general,Drayton Harbor,2022,eelgrass,bubble snail,SI_605,,
DH_2022_general,Drayton Harbor,2022,eelgrass,bubble snail,SI_606,,
DH_2022_general,Drayton Harbor,2022,eelgrass,bubble snail,SI_607,,
DH_2022_general,Drayton Harbor,2022,eelgrass,bubble snail,SI_608,,
DH_2022_general,Drayton Harbor,2022,eelgrass,bubble snail,SI_609,,
DH_2022_general,Drayton Harbor,2022,eelgrass,bubble snail,SI_610,,
DH_2022_general,Drayton Harbor,2022,eelgrass,bubble snail,SI_611,,
DH_2022_general,Drayton Harbor,2022,eelgrass,bubble snail,SI_612,,
DH_2022_general,Drayton Harbor,2022,eelgrass,bubble snail,SI_613,,
DH_2022_general,Drayton Harbor,2022,eelgrass,bubble snail,SI_614,,
DH_2021_flipbags,Drayton Harbor,2021,flipbags,clam gut,SI_107b,,
DH_2021_flipbags,Drayton Harbor,2021,flipbags,clam gut,SI_108b,,
DH_2021_flipbags,Drayton Harbor,2021,flipbags,clam gut,SI_109b,,
DH_2021_flipbags,Drayton Harbor,2021,flipbags,clam gut,SI_110b,,
DH_2021_flipbags,Drayton Harbor,2021,flipbags,clam gut,SI_111b,,
DH_2021_eelgrass,Drayton Harbor,2021,eelgrass,clam gut,SI_128b,,
DH_2021_eelgrass,Drayton Harbor,2021,eelgrass,clam gut,SI_129b,,
OCS_2021_clamnet,Oyster Creek Samish,2021,clamnet,clam gut,SI_12b,,
DH_2021_eelgrass,Drayton Harbor,2021,eelgrass,clam gut,SI_130b,,
DH_2021_eelgrass,Drayton Harbor,2021,eelgrass,clam gut,SI_131b,,
DH_2021_eelgrass,Drayton Harbor,2021,eelgrass,clam gut,SI_132b,,
OCS_2021_clamnet,Oyster Creek Samish,2021,clamnet,clam gut,SI_13b,,
OCS_2021_clamnet,Oyster Creek Samish,2021,clamnet,clam gut,SI_14b,,
OCS_2021_clamnet,Oyster Creek Samish,2021,clamnet,clam gut,SI_15b,,
OCS_2021_clamnet,Oyster Creek Samish,2021,clamnet,clam gut,SI_16b,,
PBR_2021_eelgrass,Padilla Bay Reserve,2021,eelgrass,clam gut,SI_92b,,
PBR_2021_eelgrass,Padilla Bay Reserve,2021,eelgrass,clam gut,SI_93b,,
PBR_2021_eelgrass,Padilla Bay Reserve,2021,eelgrass,clam gut,SI_94b,,
PBR_2021_eelgrass,Padilla Bay Reserve,2021,eelgrass,clam gut,SI_95b,,
PBR_2021_eelgrass,Padilla Bay Reserve,2021,eelgrass,clam gut,SI_96b,,
DH_2021_flipbags,Drayton Harbor,2021,flipbags,clam muscle,SI_107a,,
DH_2021_flipbags,Drayton Harbor,2021,flipbags,clam muscle,SI_108a,,
DH_2021_flipbags,Drayton Harbor,2021,flipbags,clam muscle,SI_109a,,
DH_2021_flipbags,Drayton Harbor,2021,flipbags,clam muscle,SI_110a,,
DH_2021_flipbags,Drayton Harbor,2021,flipbags,clam muscle,SI_111a,,
DH_2021_eelgrass,Drayton Harbor,2021,eelgrass,clam muscle,SI_128a,,
DH_2021_eelgrass,Drayton Harbor,2021,eelgrass,clam muscle,SI_129a,,
OCS_2021_clamnet,Oyster Creek Samish,2021,clamnet,clam muscle,SI_12a,,
DH_2021_eelgrass,Drayton Harbor,2021,eelgrass,clam muscle,SI_130a,,
DH_2021_eelgrass,Drayton Harbor,2021,eelgrass,clam muscle,SI_131a,,
DH_2021_eelgrass,Drayton Harbor,2021,eelgrass,clam muscle,SI_132a,,
OCS_2021_clamnet,Oyster Creek Samish,2021,clamnet,clam muscle,SI_13a,,
OCS_2021_clamnet,Oyster Creek Samish,2021,clamnet,clam muscle,SI_14a,,
OCS_2021_clamnet,Oyster Creek Samish,2021,clamnet,clam muscle,SI_15a,,
OCS_2021_clamnet,Oyster Creek Samish,2021,clamnet,clam muscle,SI_16a,,
PBR_2021_eelgrass,Padilla Bay Reserve,2021,eelgrass,clam muscle,SI_92a,,
PBR_2021_eelgrass,Padilla Bay Reserve,2021,eelgrass,clam muscle,SI_93a,,
PBR_2021_eelgrass,Padilla Bay Reserve,2021,eelgrass,clam muscle,SI_94a,,
PBR_2021_eelgrass,Padilla Bay Reserve,2021,eelgrass,clam muscle,SI_95a,,
PBR_2021_eelgrass,Padilla Bay Reserve,2021,eelgrass,clam muscle,SI_96a,,
DH_2021_general,Drayton Harbor,2021,general,dungeness claw,SI_141a,149,
DH_2021_general,Drayton Harbor,2021,general,dungeness claw,SI_142a,165,
PBR_2021_eelgrass,Padilla Bay Reserve,2021,eelgrass,dungeness claw,SI_147a,105,
PBR_2021_eelgrass,Padilla Bay Reserve,2021,eelgrass,dungeness claw,SI_148a,92,
PBR_2021_eelgrass,Padilla Bay Reserve,2021,eelgrass,dungeness claw,SI_149a,98,"stomach empty, no stomach sample"
PBR_2021_eelgrass,Padilla Bay Reserve,2021,eelgrass,dungeness claw,SI_150a,89,"stomach empty, no stomach sample"
PBR_2021_eelgrass,Padilla Bay Reserve,2021,eelgrass,dungeness claw,SI_151a,79,
PBR_2020_eelgrass,Padilla Bay Reserve,2020,eelgrass,dungeness claw,SI_166a,103,
PBR_2020_eelgrass,Padilla Bay Reserve,2020,eelgrass,dungeness claw,SI_162a,90,
PBR_2020_eelgrass,Padilla Bay Reserve,2020,eelgrass,dungeness claw,SI_163a,92,
PBR_2020_eelgrass,Padilla Bay Reserve,2020,eelgrass,dungeness claw,SI_164a,83,
PBR_2020_eelgrass,Padilla Bay Reserve,2020,eelgrass,dungeness claw,SI_165a,83,
OCS_2022_general,Oyster Creek Samish,2022,general,dungeness crab,SI_165,150,#02 labeled on collection sheet and baggie
OCS_2022_general,Oyster Creek Samish,2022,general,dungeness crab,SI_166,80,#03 labeled on collection sheet and baggie
OCS_2022_general,Oyster Creek Samish,2022,general,dungeness crab,SI_167,75,#04 labeled on collection sheet and baggie
OCS_2022_general,Oyster Creek Samish,2022,general,dungeness crab,SI_168,60,#05 labeled on collection sheet and baggie
OCS_2022_general,Oyster Creek Samish,2022,general,dungeness crab,SI_169,155,#06 labeled on collection sheet and baggie
OCS_2022_general,Oyster Creek Samish,2022,general,dungeness crab,SI_170,170,#07 labeled on collection sheet and baggie
OCS_2022_general,Oyster Creek Samish,2022,general,dungeness crab,SI_171,80,#08 labeled on collection sheet and baggie
OCS_2022_general,Oyster Creek Samish,2022,general,dungeness crab,SI_172,150,#09 labeled on collection sheet and baggie
OCS_2022_general,Oyster Creek Samish,2022,general,dungeness crab,SI_173,160,#10 labeled on collection sheet and baggie
OCS_2022_general,Oyster Creek Samish,2022,general,dungeness crab,SI_174,155,#11 labeled on collection sheet and baggie
OCS_2022_general,Oyster Creek Samish,2022,general,dungeness crab,SI_175,135,#12 labeled on collection sheet and baggie
OCS_2022_general,Oyster Creek Samish,2022,general,dungeness crab,SI_176,165,#13 labeled on collection sheet and baggie
OCS_2022_general,Oyster Creek Samish,2022,general,dungeness crab,SI_177,165,#14 labeled on collection sheet and baggie
OCS_2022_general,Oyster Creek Samish,2022,general,dungeness crab,SI_178,150,#15 labeled on collection sheet and baggie
OCS_2022_general,Oyster Creek Samish,2022,general,dungeness crab,SI_180,65,#17 labeled on collection sheet and baggie
OCS_2022_general,Oyster Creek Samish,2022,general,dungeness crab,SI_181,95,#18 labeled on collection sheet and baggie
OCS_2022_general,Oyster Creek Samish,2022,general,dungeness crab,SI_182,85,#19 labeled on collection sheet and baggie
OCS_2022_general,Oyster Creek Samish,2022,general,dungeness crab,SI_183,75,#20 labeled on collection sheet and baggie
OCS_2022_general,Oyster Creek Samish,2022,general,dungeness crab,SI_184,70,#21 labeled on collection sheet and baggie
OCS_2022_general,Oyster Creek Samish,2022,general,dungeness crab,SI_185,80,#22 labeled on collection sheet and baggie
OCS_2022_general,Oyster Creek Samish,2022,general,dungeness crab,SI_186,75,#23 labeled on collection sheet and baggie
OCS_2022_general,Oyster Creek Samish,2022,general,dungeness crab,SI_187,60,#24 labeled on collection sheet and baggie
OCS_2022_general,Oyster Creek Samish,2022,general,dungeness crab,SI_188,55,#25 labeled on collection sheet and baggie
OCS_2022_general,Oyster Creek Samish,2022,general,dungeness crab,SI_189,55,#26 labeled on collection sheet and baggie
OCS_2022_general,Oyster Creek Samish,2022,general,dungeness crab,SI_190,65,#27 labeled on collection sheet and baggie
OCS_2022_general,Oyster Creek Samish,2022,general,dungeness crab,SI_191,50,#28 labeled on collection sheet and baggie
OCS_2022_general,Oyster Creek Samish,2022,general,dungeness crab,SI_192,45,#29 labeled on collection sheet and baggie
OCS_2022_general,Oyster Creek Samish,2022,general,dungeness crab,SI_193,70,#30 labeled on collection sheet and baggie
OCS_2022_general,Oyster Creek Samish,2022,general,dungeness crab,SI_194,60,#31 labeled on collection sheet and baggie
OCS_2022_general,Oyster Creek Samish,2022,general,dungeness crab,SI_195,70,#32 labeled on collection sheet and baggie
OCS_2022_general,Oyster Creek Samish,2022,general,dungeness crab,SI_196,105,#33 labeled on collection sheet and baggie
OCS_2022_general,Oyster Creek Samish,2022,general,dungeness crab,SI_197,,length not recorded
PBR_2022_eelgrass,Padilla Bay Reserve,2022,eelgrass,dungeness crab,SI_439,70,
PBR_2022_eelgrass,Padilla Bay Reserve,2022,eelgrass,dungeness crab,SI_440,70,
PBR_2022_eelgrass,Padilla Bay Reserve,2022,eelgrass,dungeness crab,SI_441,60,
PBR_2022_eelgrass,Padilla Bay Reserve,2022,eelgrass,dungeness crab,SI_442,80,
PBR_2022_eelgrass,Padilla Bay Reserve,2022,eelgrass,dungeness crab,SI_443,85,
PBR_2022_eelgrass,Padilla Bay Reserve,2022,eelgrass,dungeness crab,SI_444,75,
PBR_2022_eelgrass,Padilla Bay Reserve,2022,eelgrass,dungeness crab,SI_445,70,
PBR_2022_eelgrass,Padilla Bay Reserve,2022,eelgrass,dungeness crab,SI_446,70,
DH_2022_general,Drayton Harbor,2022,general,dungeness crab,SI_579,150,
DH_2022_general,Drayton Harbor,2022,general,dungeness crab,SI_580,115,
DH_2022_general,Drayton Harbor,2022,general,dungeness crab,SI_581,100,
DH_2022_general,Drayton Harbor,2022,general,dungeness crab,SI_582,35,
DH_2022_general,Drayton Harbor,2022,general,dungeness crab,SI_583,30,
DH_2022_general,Drayton Harbor,2022,general,dungeness crab,SI_584,25,
DH_2022_general,Drayton Harbor,2022,general,dungeness crab,SI_585,25,
DH_2022_general,Drayton Harbor,2022,general,dungeness crab,SI_586,25,
DH_2022_general,Drayton Harbor,2022,general,dungeness crab,SI_587,15,
DH_2022_general,Drayton Harbor,2022,general,dungeness crab,SI_588,15,
DH_2022_general,Drayton Harbor,2022,general,dungeness crab,SI_589,10,
DH_2022_general,Drayton Harbor,2022,general,dungeness crab,SI_590,10,
DH_2022_general,Drayton Harbor,2022,general,dungeness crab,SI_591,10,
DH_2021_general,Drayton Harbor,2021,general,dungeness gut,SI_141b,149,just mussel shells
DH_2021_general,Drayton Harbor,2021,general,dungeness gut,SI_142b,165,just mussel shells
PBR_2021_eelgrass,Padilla Bay Reserve,2021,eelgrass,dungeness gut,SI_147b,105,
PBR_2021_eelgrass,Padilla Bay Reserve,2021,eelgrass,dungeness gut,SI_148b,92,
PBR_2021_eelgrass,Padilla Bay Reserve,2021,eelgrass,dungeness gut,SI_151b,79,
PBR_2020_eelgrass,Padilla Bay Reserve,2020,eelgrass,dungeness gut,SI_166b,103,
PBR_2020_eelgrass,Padilla Bay Reserve,2020,eelgrass,dungeness gut,SI_163b,92,
OCS_2022_general,Oyster Creek Samish,2022,general,English sole,SI_230,29,
OCS_2022_general,Oyster Creek Samish,2022,general,English sole,SI_231,32,
OCS_2022_general,Oyster Creek Samish,2022,general,English sole,SI_232,30,
OCS_2022_general,Oyster Creek Samish,2022,general,English sole,SI_233,47,
OCS_2022_general,Oyster Creek Samish,2022,general,English sole,SI_234,36,
OCS_2022_general,Oyster Creek Samish,2022,general,English sole,SI_235,33,
OCS_2022_general,Oyster Creek Samish,2022,general,English sole,SI_236,25,
OCS_2022_general,Oyster Creek Samish,2022,general,English sole,SI_237,25,
OCS_2022_general,Oyster Creek Samish,2022,general,English sole,SI_238,27,
OCS_2022_general,Oyster Creek Samish,2022,general,English sole,SI_239,34,
OCS_2022_general,Oyster Creek Samish,2022,general,English sole,SI_240,30,
OCS_2022_general,Oyster Creek Samish,2022,general,English sole,SI_241,30,
OCS_2022_general,Oyster Creek Samish,2022,general,English sole,SI_242,32,
OCS_2022_general,Oyster Creek Samish,2022,general,English sole,SI_243,33,
OCS_2022_general,Oyster Creek Samish,2022,general,English sole,SI_244,32,
OCS_2022_general,Oyster Creek Samish,2022,general,English sole,SI_245,35,
OCS_2022_general,Oyster Creek Samish,2022,general,English sole,SI_246,36,
OCS_2022_general,Oyster Creek Samish,2022,general,English sole,SI_247,37,
OCS_2022_general,Oyster Creek Samish,2022,general,English sole,SI_248,37,
OCS_2022_general,Oyster Creek Samish,2022,general,English sole,SI_249,39,
OCS_2022_general,Oyster Creek Samish,2022,general,English sole,SI_250,37,
OCS_2022_general,Oyster Creek Samish,2022,general,English sole,SI_251,36,
OCS_2022_general,Oyster Creek Samish,2022,general,English sole,SI_252,38,
OCS_2022_general,Oyster Creek Samish,2022,general,English sole,SI_253,43,
OCS_2022_general,Oyster Creek Samish,2022,general,English sole,SI_254,40,
OCS_2022_general,Oyster Creek Samish,2022,general,English sole,SI_255,46,
OCS_2022_general,Oyster Creek Samish,2022,general,English sole,SI_256,69,
OCS_2022_general,Oyster Creek Samish,2022,general,English sole,SI_257,59,
OCS_2022_general,Oyster Creek Samish,2022,general,English sole,SI_258,71,
OCS_2022_general,Oyster Creek Samish,2022,general,English sole,SI_259,68,
OCS_2022_general,Oyster Creek Samish,2022,general,English sole,SI_260,45,
OCS_2022_general,Oyster Creek Samish,2022,general,English sole,SI_261,34,
OCS_2022_general,Oyster Creek Samish,2022,general,English sole,SI_262,36,
OCS_2022_general,Oyster Creek Samish,2022,general,English sole,SI_263,41,
OCS_2022_general,Oyster Creek Samish,2022,general,English sole,SI_264,39,
OCS_2022_general,Oyster Creek Samish,2022,general,English sole,SI_265,50,
OCS_2022_general,Oyster Creek Samish,2022,general,English sole,SI_266,49,
OCS_2022_general,Oyster Creek Samish,2022,general,English sole,SI_290,30,
PBR_2022_eelgrass,Padilla Bay Reserve,2022,eelgrass,English sole,SI_450,65,
PBR_2022_eelgrass,Padilla Bay Reserve,2022,eelgrass,English sole,SI_451,65,
PBR_2022_eelgrass,Padilla Bay Reserve,2022,eelgrass,English sole,SI_452,56,
PBR_2022_eelgrass,Padilla Bay Reserve,2022,eelgrass,English sole,SI_453,50,
PBR_2022_eelgrass,Padilla Bay Reserve,2022,eelgrass,English sole,SI_454,64,
PBR_2022_eelgrass,Padilla Bay Reserve,2022,eelgrass,English sole,SI_455,66,
OCS_2022_general,Oyster Creek Samish,2022,general,English sole,SI_536,60,
OCS_2022_general,Oyster Creek Samish,2022,general,English sole,SI_537,78,
OCS_2022_general,Oyster Creek Samish,2022,general,English sole,SI_538,64,
OCS_2022_general,Oyster Creek Samish,2022,general,English sole,SI_539,55,
OCS_2022_general,Oyster Creek Samish,2022,general,English sole,SI_540,76,
OCS_2022_general,Oyster Creek Samish,2022,general,English sole,SI_541,50,
OCS_2022_general,Oyster Creek Samish,2022,general,English sole,SI_542,55,
OCS_2022_general,Oyster Creek Samish,2022,general,English sole,SI_543,76,
OCS_2022_general,Oyster Creek Samish,2022,general,English sole,SI_544,75,
OCS_2022_general,Oyster Creek Samish,2022,general,English sole,SI_545,64,
OCS_2022_general,Oyster Creek Samish,2022,general,English sole,SI_546,70,
OCS_2022_general,Oyster Creek Samish,2022,general,English sole,SI_547,75,
DH_2022_general,Drayton Harbor,2022,flipbags,filamentous algae,SI_594,,
OCS_2022_general,Oyster Creek Samish,2022,general,graceful crab,SI_164,50,#01 labeled on collection sheet and baggie
OCS_2022_general,Oyster Creek Samish,2022,general,graceful crab,SI_179,40,#16 labeled on collection sheet and baggie
DH_2022_general,Drayton Harbor,2022,general,graceful crab,SI_578,70,
DH_2021_general,Drayton Harbor,2021,general,graceful crab claw,SI_143a,108,
DH_2021_general,Drayton Harbor,2021,general,graceful crab claw,SI_144a,73,stomach empty
DH_2021_general,Drayton Harbor,2021,general,graceful crab claw,SI_145a,73,"2 were salvaged from seagull kills, only claws and top carapace remain"
DH_2021_general,Drayton Harbor,2021,general,graceful crab claw,SI_146a,70,"2 were salvaged from seagull kills, only claws and top carapace remain"
OCS_2021_general,Oyster Creek Samish,2021,general,graceful crab claw,SI_68a,89,"only 1 claw,stomach empty, no sample"
OCS_2021_general,Oyster Creek Samish,2021,general,graceful crab claw,SI_69a,86,"stomach empty, no sample"
OCS_2021_general,Oyster Creek Samish,2021,general,graceful crab claw,SI_70a,76,
OCS_2021_general,Oyster Creek Samish,2021,general,graceful crab claw,SI_72a,70,"stomach empty, no sample"
DH_2021_general,Drayton Harbor,2021,general,graceful crab gut,SI_143b,108,
OCS_2021_general,Oyster Creek Samish,2021,general,graceful crab gut,SI_70b,76,
OCS_2021_general,Oyster Creek Samish,2021,general,graceful crab gut,SI_71b,76,"no claws, no sample"
PBR_2021_eelgrass,Padilla Bay Reserve,2021,eelgrass,Japanese mud snail,SI_87,,
PBR_2021_eelgrass,Padilla Bay Reserve,2021,eelgrass,Japanese mud snail,SI_88,,
PBR_2021_eelgrass,Padilla Bay Reserve,2021,eelgrass,Japanese mud snail,SI_89,,
PBR_2021_eelgrass,Padilla Bay Reserve,2021,eelgrass,Japanese mud snail,SI_90,,
PBR_2021_eelgrass,Padilla Bay Reserve,2021,eelgrass,Japanese mud snail,SI_91,,
OCS_2022_eelgrass,Oyster Creek Samish,2022,eelgrass,Japanese mud snail,SI_379,,
OCS_2022_eelgrass,Oyster Creek Samish,2022,eelgrass,Japanese mud snail,SI_380,,
OCS_2022_eelgrass,Oyster Creek Samish,2022,eelgrass,Japanese mud snail,SI_381,,
OCS_2022_eelgrass,Oyster Creek Samish,2022,eelgrass,Japanese mud snail,SI_382,,
OCS_2022_eelgrass,Oyster Creek Samish,2022,eelgrass,Japanese mud snail,SI_383,,
OCS_2022_eelgrass,Oyster Creek Samish,2022,eelgrass,Japanese mud snail,SI_384,,
OCS_2022_eelgrass,Oyster Creek Samish,2022,eelgrass,Japanese mud snail,SI_385,,
OCS_2022_eelgrass,Oyster Creek Samish,2022,eelgrass,Japanese mud snail,SI_386,,
OCS_2022_eelgrass,Oyster Creek Samish,2022,eelgrass,Japanese mud snail,SI_387,,
OCS_2022_eelgrass,Oyster Creek Samish,2022,eelgrass,Japanese mud snail,SI_388,,
OCS_2022_eelgrass,Oyster Creek Samish,2022,eelgrass,Japanese mud snail,SI_389,,
OCS_2022_eelgrass,Oyster Creek Samish,2022,eelgrass,Japanese mud snail,SI_390,,
OCS_2022_eelgrass,Oyster Creek Samish,2022,eelgrass,Japanese mud snail,SI_391,,
OCS_2022_eelgrass,Oyster Creek Samish,2022,eelgrass,Japanese mud snail,SI_392,,
OCS_2022_eelgrass,Oyster Creek Samish,2022,eelgrass,Japanese mud snail,SI_393,,
OCS_2022_eelgrass,Oyster Creek Samish,2022,eelgrass,Japanese mud snail,SI_394,,
OCS_2022_flipbags,Oyster Creek Samish,2022,flipbags,Japanese mud snail,SI_395,,
OCS_2022_flipbags,Oyster Creek Samish,2022,flipbags,Japanese mud snail,SI_396,,
OCS_2022_flipbags,Oyster Creek Samish,2022,flipbags,Japanese mud snail,SI_397,,
OCS_2022_flipbags,Oyster Creek Samish,2022,flipbags,Japanese mud snail,SI_398,,
OCS_2022_flipbags,Oyster Creek Samish,2022,flipbags,Japanese mud snail,SI_399,,
OCS_2022_flipbags,Oyster Creek Samish,2022,flipbags,Japanese mud snail,SI_400,,
OCS_2022_flipbags,Oyster Creek Samish,2022,flipbags,Japanese mud snail,SI_401,,
OCS_2022_flipbags,Oyster Creek Samish,2022,flipbags,Japanese mud snail,SI_402,,
OCS_2022_flipbags,Oyster Creek Samish,2022,flipbags,Japanese mud snail,SI_403,,
OCS_2022_flipbags,Oyster Creek Samish,2022,flipbags,Japanese mud snail,SI_404,,
OCS_2022_flipbags,Oyster Creek Samish,2022,flipbags,Japanese mud snail,SI_405,,
OCS_2022_flipbags,Oyster Creek Samish,2022,flipbags,Japanese mud snail,SI_406,,
OCS_2022_flipbags,Oyster Creek Samish,2022,flipbags,Japanese mud snail,SI_407,,
OCS_2022_flipbags,Oyster Creek Samish,2022,flipbags,Japanese mud snail,SI_408,,
OCS_2022_flipbags,Oyster Creek Samish,2022,flipbags,Japanese mud snail,SI_409,,
OCS_2022_flipbags,Oyster Creek Samish,2022,flipbags,Japanese mud snail,SI_410,,
PBR_2022_eelgrass,Padilla Bay Reserve,2022,eelgrass,Japanese mud snail,SI_419,,
PBR_2022_eelgrass,Padilla Bay Reserve,2022,eelgrass,Japanese mud snail,SI_420,,
PBR_2022_eelgrass,Padilla Bay Reserve,2022,eelgrass,Japanese mud snail,SI_421,,
PBR_2022_eelgrass,Padilla Bay Reserve,2022,eelgrass,Japanese mud snail,SI_422,,
PBR_2022_eelgrass,Padilla Bay Reserve,2022,eelgrass,Japanese mud snail,SI_423,,
PBR_2022_eelgrass,Padilla Bay Reserve,2022,eelgrass,Japanese mud snail,SI_424,,
PBR_2022_eelgrass,Padilla Bay Reserve,2022,eelgrass,Japanese mud snail,SI_425,,
PBR_2022_eelgrass,Padilla Bay Reserve,2022,eelgrass,Japanese mud snail,SI_426,,
PBR_2022_eelgrass,Padilla Bay Reserve,2022,eelgrass,Japanese mud snail,SI_427,,
PBR_2022_eelgrass,Padilla Bay Reserve,2022,eelgrass,Japanese mud snail,SI_428,,
OCS_2021_clamnet,Oyster Creek Samish,2021,clamnet,Japonica,SI_06,,
OCS_2021_eelgrass,Oyster Creek Samish,2021,eelgrass,Japonica,SI_27,,
OCS_2021_flipbags,Oyster Creek Samish,2021,flipbags,Japonica,SI_44,,
OCS_2021_mudflat,Oyster Creek Samish,2021,mudflat,Japonica,SI_55,,
PBR_2021_eelgrass,Padilla Bay Reserve,2021,eelgrass,Japonica,SI_79,,
DH_2021_eelgrass,Drayton Harbor,2021,eelgrass,marina,SI_125,,
PBR_2021_eelgrass,Padilla Bay Reserve,2021,eelgrass,marina,SI_80,,
DH_2021_flipbags,Drayton Harbor,2021,flipbags,marina,SI_99,,
DH_2022_general,Drayton Harbor,2022,eelgrass,marina eelgrass,SI_592,,
DH_2022_general,Drayton Harbor,2022,flipbags,marina eelgrass,SI_593,,
DH_2021_flipbags,Drayton Harbor,2021,flipbags,marina epiphytes,SI_100,,
DH_2021_eelgrass,Drayton Harbor,2021,eelgrass,marina epiphytes,SI_126,,
PBR_2021_eelgrass,Padilla Bay Reserve,2021,eelgrass,marina epiphytes,SI_139,,
OCS_2021_clamnet,Oyster Creek Samish,2021,clamnet,mud snail,SI_07,,
OCS_2021_clamnet,Oyster Creek Samish,2021,clamnet,mud snail,SI_08,,
OCS_2021_clamnet,Oyster Creek Samish,2021,clamnet,mud snail,SI_09,,
OCS_2021_clamnet,Oyster Creek Samish,2021,clamnet,mud snail,SI_10,,
OCS_2021_clamnet,Oyster Creek Samish,2021,clamnet,mud snail,SI_11,,
OCS_2021_eelgrass,Oyster Creek Samish,2021,eelgrass,mud snail,SI_28,,
OCS_2021_eelgrass,Oyster Creek Samish,2021,eelgrass,mud snail,SI_29,,
OCS_2021_eelgrass,Oyster Creek Samish,2021,eelgrass,mud snail,SI_30,,
OCS_2021_eelgrass,Oyster Creek Samish,2021,eelgrass,mud snail,SI_31,,
OCS_2021_eelgrass,Oyster Creek Samish,2021,eelgrass,mud snail,SI_32,,
OCS_2021_flipbags,Oyster Creek Samish,2021,flipbags,mud snail,SI_45,,
OCS_2021_flipbags,Oyster Creek Samish,2021,flipbags,mud snail,SI_46,,
OCS_2021_flipbags,Oyster Creek Samish,2021,flipbags,mud snail,SI_47,,
OCS_2021_flipbags,Oyster Creek Samish,2021,flipbags,mud snail,SI_48,,
OCS_2021_flipbags,Oyster Creek Samish,2021,flipbags,mud snail,SI_49,,
OCS_2021_mudflat,Oyster Creek Samish,2021,mudflat,mud snail,SI_58,,
OCS_2021_mudflat,Oyster Creek Samish,2021,mudflat,mud snail,SI_59,,
OCS_2021_mudflat,Oyster Creek Samish,2021,mudflat,mud snail,SI_60,,
OCS_2021_mudflat,Oyster Creek Samish,2021,mudflat,mud snail,SI_61,,
OCS_2021_mudflat,Oyster Creek Samish,2021,mudflat,mud snail,SI_62,,
DH_2021_flipbags,Drayton Harbor,2021,flipbags,oyster gut,SI_112b,,
DH_2021_flipbags,Drayton Harbor,2021,flipbags,oyster gut,SI_113b,,
DH_2021_flipbags,Drayton Harbor,2021,flipbags,oyster gut,SI_114b,,
DH_2021_flipbags,Drayton Harbor,2021,flipbags,oyster gut,SI_115b,,
DH_2021_flipbags,Drayton Harbor,2021,flipbags,oyster gut,SI_116b,,
DH_2021_eelgrass,Drayton Harbor,2021,eelgrass,oyster gut,SI_133b,,
DH_2021_eelgrass,Drayton Harbor,2021,eelgrass,oyster gut,SI_134b,,
DH_2021_eelgrass,Drayton Harbor,2021,eelgrass,oyster gut,SI_135b,,
DH_2021_eelgrass,Drayton Harbor,2021,eelgrass,oyster gut,SI_136b,,
DH_2021_eelgrass,Drayton Harbor,2021,eelgrass,oyster gut,SI_137b,,
OCS_2021_clamnet,Oyster Creek Samish,2021,clamnet,oyster gut,SI_17b,,
OCS_2021_clamnet,Oyster Creek Samish,2021,clamnet,oyster gut,SI_18b,,
OCS_2021_clamnet,Oyster Creek Samish,2021,clamnet,oyster gut,SI_19b,,
OCS_2021_clamnet,Oyster Creek Samish,2021,clamnet,oyster gut,SI_20b,,
OCS_2021_clamnet,Oyster Creek Samish,2021,clamnet,oyster gut,SI_21b,,
OCS_2021_eelgrass,Oyster Creek Samish,2021,eelgrass,oyster gut,SI_33b,,
OCS_2021_eelgrass,Oyster Creek Samish,2021,eelgrass,oyster gut,SI_34b,,
OCS_2021_eelgrass,Oyster Creek Samish,2021,eelgrass,oyster gut,SI_35b,,
OCS_2021_eelgrass,Oyster Creek Samish,2021,eelgrass,oyster gut,SI_36b,,
OCS_2021_eelgrass,Oyster Creek Samish,2021,eelgrass,oyster gut,SI_37b,,
OCS_2021_flipbags,Oyster Creek Samish,2021,flipbags,oyster gut,SI_50b,,
OCS_2021_flipbags,Oyster Creek Samish,2021,flipbags,oyster gut,SI_51b,,
OCS_2021_flipbags,Oyster Creek Samish,2021,flipbags,oyster gut,SI_52b,,
OCS_2021_flipbags,Oyster Creek Samish,2021,flipbags,oyster gut,SI_53b,,
OCS_2021_flipbags,Oyster Creek Samish,2021,flipbags,oyster gut,SI_54b,,
OCS_2021_mudflat,Oyster Creek Samish,2021,mudflat,oyster gut,SI_63b,,
OCS_2021_mudflat,Oyster Creek Samish,2021,mudflat,oyster gut,SI_64b,,
OCS_2021_mudflat,Oyster Creek Samish,2021,mudflat,oyster gut,SI_65b,,
OCS_2021_mudflat,Oyster Creek Samish,2021,mudflat,oyster gut,SI_66b,,
OCS_2021_mudflat,Oyster Creek Samish,2021,mudflat,oyster gut,SI_67b,,
PBR_2021_eelgrass_gravel,Padilla Bay Reserve,2021,eelgrass,oyster gut,SI_73b,,"2 oysters picked up near a house, bagged separately"
PBR_2021_eelgrass_gravel,Padilla Bay Reserve,2021,eelgrass,oyster gut,SI_74b,,"2 oysters picked up near a house, bagged separately"
PBR_2021_eelgrass,Padilla Bay Reserve,2021,eelgrass,oyster gut,SI_75b,,
PBR_2021_eelgrass,Padilla Bay Reserve,2021,eelgrass,oyster gut,SI_76b,,
PBR_2021_eelgrass,Padilla Bay Reserve,2021,eelgrass,oyster gut,SI_77b,,
DH_2021_flipbags,Drayton Harbor,2021,flipbags,oyster muscle,SI_112a,,
DH_2021_flipbags,Drayton Harbor,2021,flipbags,oyster muscle,SI_113a,,
DH_2021_flipbags,Drayton Harbor,2021,flipbags,oyster muscle,SI_114a,,
DH_2021_flipbags,Drayton Harbor,2021,flipbags,oyster muscle,SI_115a,,
DH_2021_flipbags,Drayton Harbor,2021,flipbags,oyster muscle,SI_116a,,
DH_2021_eelgrass,Drayton Harbor,2021,eelgrass,oyster muscle,SI_133a,,
DH_2021_eelgrass,Drayton Harbor,2021,eelgrass,oyster muscle,SI_134a,,
DH_2021_eelgrass,Drayton Harbor,2021,eelgrass,oyster muscle,SI_135a,,
DH_2021_eelgrass,Drayton Harbor,2021,eelgrass,oyster muscle,SI_136a,,
DH_2021_eelgrass,Drayton Harbor,2021,eelgrass,oyster muscle,SI_137a,,
OCS_2021_clamnet,Oyster Creek Samish,2021,clamnet,oyster muscle,SI_17a,,
OCS_2021_clamnet,Oyster Creek Samish,2021,clamnet,oyster muscle,SI_18a,,
OCS_2021_clamnet,Oyster Creek Samish,2021,clamnet,oyster muscle,SI_19a,,
OCS_2021_clamnet,Oyster Creek Samish,2021,clamnet,oyster muscle,SI_20a,,
OCS_2021_clamnet,Oyster Creek Samish,2021,clamnet,oyster muscle,SI_21a,,
OCS_2021_eelgrass,Oyster Creek Samish,2021,eelgrass,oyster muscle,SI_33a,,
OCS_2021_eelgrass,Oyster Creek Samish,2021,eelgrass,oyster muscle,SI_34a,,
OCS_2021_eelgrass,Oyster Creek Samish,2021,eelgrass,oyster muscle,SI_35a,,
OCS_2021_eelgrass,Oyster Creek Samish,2021,eelgrass,oyster muscle,SI_36a,,
OCS_2021_eelgrass,Oyster Creek Samish,2021,eelgrass,oyster muscle,SI_37a,,
OCS_2021_flipbags,Oyster Creek Samish,2021,flipbags,oyster muscle,SI_50a,,
OCS_2021_flipbags,Oyster Creek Samish,2021,flipbags,oyster muscle,SI_51a,,
OCS_2021_flipbags,Oyster Creek Samish,2021,flipbags,oyster muscle,SI_52a,,
OCS_2021_flipbags,Oyster Creek Samish,2021,flipbags,oyster muscle,SI_53a,,
OCS_2021_flipbags,Oyster Creek Samish,2021,flipbags,oyster muscle,SI_54a,,
OCS_2021_mudflat,Oyster Creek Samish,2021,mudflat,oyster muscle,SI_63a,,
OCS_2021_mudflat,Oyster Creek Samish,2021,mudflat,oyster muscle,SI_64a,,
OCS_2021_mudflat,Oyster Creek Samish,2021,mudflat,oyster muscle,SI_65a,,
OCS_2021_mudflat,Oyster Creek Samish,2021,mudflat,oyster muscle,SI_66a,,
OCS_2021_mudflat,Oyster Creek Samish,2021,mudflat,oyster muscle,SI_67a,,
PBR_2021_eelgrass_gravel,Padilla Bay Reserve,2021,eelgrass,oyster muscle,SI_73a,,"2 oysters picked up near a house, bagged separately"
PBR_2021_eelgrass_gravel,Padilla Bay Reserve,2021,eelgrass,oyster muscle,SI_74a,,"2 oysters picked up near a house, bagged separately"
PBR_2021_eelgrass,Padilla Bay Reserve,2021,eelgrass,oyster muscle,SI_75a,,
PBR_2021_eelgrass,Padilla Bay Reserve,2021,eelgrass,oyster muscle,SI_76a,,
PBR_2021_eelgrass,Padilla Bay Reserve,2021,eelgrass,oyster muscle,SI_77a,,
DH_2021_flipbags,Drayton Harbor,2021,flipbags,sea lettuce,SI_101,,
DH_2021_eelgrass,Drayton Harbor,2021,eelgrass,sea lettuce,SI_124,,
OCS_2021_flipbags,Oyster Creek Samish,2021,flipbags,sea lettuce,SI_38,,
PBR_2021_eelgrass,Padilla Bay Reserve,2021,eelgrass,sea lettuce,SI_78,,
PBR_2020_eelgrass,Padilla Bay Reserve,2020,eelgrass,shiner perch,SI_152,78,
PBR_2020_eelgrass,Padilla Bay Reserve,2020,eelgrass,shiner perch,SI_153,76,
PBR_2020_eelgrass,Padilla Bay Reserve,2020,eelgrass,shiner perch,SI_154,75,
PBR_2020_eelgrass,Padilla Bay Reserve,2020,eelgrass,shiner perch,SI_155,78,
PBR_2020_eelgrass,Padilla Bay Reserve,2020,eelgrass,shiner perch,SI_156,78,
OCS_2021_general,Oyster Creek Samish,2021,general,shiner perch,SP_82,50,"no oyster, dense eelgrass"
OCS_2021_general,Oyster Creek Samish,2021,general,shiner perch,SP_83,58,"no oyster, dense eelgrass"
OCS_2021_general,Oyster Creek Samish,2021,general,shiner perch,SP_84,60,"no oyster, dense eelgrass"
OCS_2021_general,Oyster Creek Samish,2021,general,shiner perch,SP_85,61,"no oyster, dense eelgrass"
OCS_2021_general,Oyster Creek Samish,2021,general,shiner perch,SP_86,50,"no oyster, dense eelgrass"
OCS_2021_general,Oyster Creek Samish,2021,general,shiner perch,SP_100,70,"bottom oyster, dense eelgrass  - fins on fish kind of torn up"
OCS_2021_general,Oyster Creek Samish,2021,general,shiner perch,SP_101,62,"bottom oyster, dense eelgrass"
OCS_2021_general,Oyster Creek Samish,2021,general,shiner perch,SP_102,57,"bottom oyster, dense eelgrass - guts very goopy during dissection"
OCS_2021_general,Oyster Creek Samish,2021,general,shiner perch,SP_103,58,"bottom oyster, dense eelgrass - fins torn, guts goopy"
OCS_2021_general,Oyster Creek Samish,2021,general,shiner perch,SP_104,65,"bottom oyster, dense eelgrass - guts goopy"
OCS_2021_general,Oyster Creek Samish,2021,general,shiner perch,SP_110,66,"no oyster, no eelgrass - guts goopy"
OCS_2021_general,Oyster Creek Samish,2021,general,shiner perch,SP_111,53,"no oyster, no eelgrass - guts goopy"
OCS_2021_general,Oyster Creek Samish,2021,general,shiner perch,SP_112,73,"no oyster, no eelgrass - guts goopy"
OCS_2021_general,Oyster Creek Samish,2021,general,shiner perch,SP_113,58,"no oyster, no eelgrass - guts goopy"
OCS_2021_general,Oyster Creek Samish,2021,general,shiner perch,SP_114,55,"no oyster, no eelgrass - guts goopy"
OCS_2021_general,Oyster Creek Samish,2021,general,shiner perch,SP_177,52,gut in bad condition
OCS_2021_general,Oyster Creek Samish,2021,general,shiner perch,SP_178,60,gut in bad condition
OCS_2021_general,Oyster Creek Samish,2021,general,shiner perch,SP_179,56,
OCS_2021_general,Oyster Creek Samish,2021,general,shiner perch,SP_180,49,
OCS_2021_general,Oyster Creek Samish,2021,general,shiner perch,SP_181,80,
OCS_2021_general,Oyster Creek Samish,2021,general,shiner perch,SP_182,60,
OCS_2021_general,Oyster Creek Samish,2021,general,shiner perch,SP_183,54,
OCS_2021_general,Oyster Creek Samish,2021,general,shiner perch,SP_184,55,
OCS_2021_general,Oyster Creek Samish,2021,general,shiner perch,SP_185,62,
OCS_2021_general,Oyster Creek Samish,2021,general,shiner perch,SP_186,55,
OCS_2021_general,Oyster Creek Samish,2021,general,shiner perch,SP_187,54,
OCS_2021_general,Oyster Creek Samish,2021,general,shiner perch,SP_188,77,
OCS_2022_general,Oyster Creek Samish,2022,general,shiner perch,SI_198,115,
PBR_2022_eelgrass,Padilla Bay Reserve,2022,eelgrass,shiner perch,SI_456,33,
PBR_2022_eelgrass,Padilla Bay Reserve,2022,eelgrass,shiner perch,SI_457,45,
PBR_2022_eelgrass,Padilla Bay Reserve,2022,eelgrass,shiner perch,SI_458,47,
PBR_2022_eelgrass,Padilla Bay Reserve,2022,eelgrass,shiner perch,SI_459,47,
PBR_2022_eelgrass,Padilla Bay Reserve,2022,eelgrass,shiner perch,SI_460,52,
PBR_2022_eelgrass,Padilla Bay Reserve,2022,eelgrass,shiner perch,SI_461,56,
PBR_2022_eelgrass,Padilla Bay Reserve,2022,eelgrass,shiner perch,SI_462,38,
PBR_2022_eelgrass,Padilla Bay Reserve,2022,eelgrass,shiner perch,SI_463,50,
PBR_2022_eelgrass,Padilla Bay Reserve,2022,eelgrass,shiner perch,SI_464,55,
PBR_2022_eelgrass,Padilla Bay Reserve,2022,eelgrass,shiner perch,SI_465,47,
PBR_2022_eelgrass,Padilla Bay Reserve,2022,eelgrass,shiner perch,SI_466,43,
PBR_2022_eelgrass,Padilla Bay Reserve,2022,eelgrass,shiner perch,SI_467,47,
PBR_2022_eelgrass,Padilla Bay Reserve,2022,eelgrass,shiner perch,SI_468,52,
PBR_2022_eelgrass,Padilla Bay Reserve,2022,eelgrass,shiner perch,SI_469,53,
PBR_2022_eelgrass,Padilla Bay Reserve,2022,eelgrass,shiner perch,SI_470,50,
PBR_2022_eelgrass,Padilla Bay Reserve,2022,eelgrass,shiner perch,SI_471,59,
PBR_2022_eelgrass,Padilla Bay Reserve,2022,eelgrass,shiner perch,SI_472,40,
PBR_2022_eelgrass,Padilla Bay Reserve,2022,eelgrass,shiner perch,SI_473,50,
PBR_2022_eelgrass,Padilla Bay Reserve,2022,eelgrass,shiner perch,SI_474,41,
PBR_2022_eelgrass,Padilla Bay Reserve,2022,eelgrass,shiner perch,SI_475,44,
PBR_2022_eelgrass,Padilla Bay Reserve,2022,eelgrass,shiner perch,SI_476,36,
PBR_2022_eelgrass,Padilla Bay Reserve,2022,eelgrass,shiner perch,SI_477,85,
PBR_2022_eelgrass,Padilla Bay Reserve,2022,eelgrass,shiner perch,SI_478,98,
OCS_2022_general,Oyster Creek Samish,2022,general,shiner perch,SI_548,55,
OCS_2022_general,Oyster Creek Samish,2022,general,shiner perch,SI_549,40,
OCS_2022_general,Oyster Creek Samish,2022,general,shiner perch,SI_550,43,
OCS_2022_general,Oyster Creek Samish,2022,general,shiner perch,SI_551,53,
OCS_2022_general,Oyster Creek Samish,2022,general,shiner perch,SI_552,50,
OCS_2022_general,Oyster Creek Samish,2022,general,shiner perch,SI_553,50,
OCS_2022_general,Oyster Creek Samish,2022,general,shiner perch,SI_554,50,
OCS_2022_general,Oyster Creek Samish,2022,general,shiner perch,SI_555,57,
OCS_2022_general,Oyster Creek Samish,2022,general,shiner perch,SI_556,52,
OCS_2022_general,Oyster Creek Samish,2022,general,shiner perch,SI_557,48,
OCS_2022_general,Oyster Creek Samish,2022,general,shiner perch,SI_558,49,
OCS_2022_general,Oyster Creek Samish,2022,general,shiner perch,SI_559,55,
OCS_2022_general,Oyster Creek Samish,2022,general,shiner perch,SI_560,50,
OCS_2022_general,Oyster Creek Samish,2022,general,shiner perch,SI_561,57,
OCS_2022_general,Oyster Creek Samish,2022,general,shiner perch,SI_562,53,
OCS_2022_general,Oyster Creek Samish,2022,general,shiner perch,SI_564,47,
OCS_2022_general,Oyster Creek Samish,2022,general,shiner perch,SI_565,48,
OCS_2022_general,Oyster Creek Samish,2022,general,shiner perch,SI_566,47,
OCS_2022_general,Oyster Creek Samish,2022,general,shiner perch,SI_567,95,
OCS_2022_general,Oyster Creek Samish,2022,general,shiner perch,SI_568,90,
OCS_2022_general,Oyster Creek Samish,2022,general,shiner perch,SI_569,92,
OCS_2022_general,Oyster Creek Samish,2022,general,shiner perch,SI_570,91,
OCS_2022_general,Oyster Creek Samish,2022,general,shiner perch,SI_571,91,
OCS_2022_general,Oyster Creek Samish,2022,general,shiner perch,SI_572,90,
OCS_2022_general,Oyster Creek Samish,2022,general,shiner perch,SI_573,87,
OCS_2022_general,Oyster Creek Samish,2022,general,shiner perch,SI_574,107,
OCS_2022_general,Oyster Creek Samish,2022,general,shiner perch,SI_575,84,
OCS_2022_general,Oyster Creek Samish,2022,general,shiner perch,SI_576,87,
DH_2022_general,Drayton Harbor,2022,general,shiner perch,SI_718,104,
DH_2022_general,Drayton Harbor,2022,general,shiner perch,SI_719,64,
DH_2022_general,Drayton Harbor,2022,general,shiner perch,SI_720,65,
DH_2022_general,Drayton Harbor,2022,general,shiner perch,SI_721,74,
DH_2022_general,Drayton Harbor,2022,general,shiner perch,SI_722,75,
DH_2022_general,Drayton Harbor,2022,general,shiner perch,SI_723,80,
DH_2022_general,Drayton Harbor,2022,general,shiner perch,SI_724,73,
DH_2022_general,Drayton Harbor,2022,general,shiner perch,SI_725,67,
DH_2022_general,Drayton Harbor,2022,general,shiner perch,SI_726,70,
DH_2022_general,Drayton Harbor,2022,general,shiner perch,SI_727,70,
DH_2022_general,Drayton Harbor,2022,general,shiner perch,SI_728,68,
DH_2022_general,Drayton Harbor,2022,general,shiner perch,SI_729,57,
DH_2022_general,Drayton Harbor,2022,general,shiner perch,SI_730,69,
DH_2022_general,Drayton Harbor,2022,general,shiner perch,SI_731,67,
DH_2022_general,Drayton Harbor,2022,general,shiner perch,SI_732,77,
DH_2022_general,Drayton Harbor,2022,general,shiner perch,SI_733,76,
DH_2022_general,Drayton Harbor,2022,general,shiner perch,SI_734,69,
DH_2022_general,Drayton Harbor,2022,general,shiner perch,SI_735,68,
DH_2022_general,Drayton Harbor,2022,general,shiner perch,SI_736,67,
DH_2022_general,Drayton Harbor,2022,general,shiner perch,SI_737,70,
DH_2022_general,Drayton Harbor,2022,general,shiner perch,SI_738,72,
DH_2022_general,Drayton Harbor,2022,general,shiner perch,SI_739,55,
DH_2022_general,Drayton Harbor,2022,general,shiner perch,SI_740,74,
DH_2022_general,Drayton Harbor,2022,general,shiner perch,SI_741,67,
DH_2022_general,Drayton Harbor,2022,general,shiner perch,SI_742,70,
DH_2022_general,Drayton Harbor,2022,general,shiner perch,SI_743,69,
DH_2022_general,Drayton Harbor,2022,general,shiner perch,SI_744,72,
DH_2022_general,Drayton Harbor,2022,general,shiner perch,SI_745,65,
DH_2022_general,Drayton Harbor,2022,general,shiner perch,SI_746,60,
DH_2022_general,Drayton Harbor,2022,general,shiner perch,SI_747,70,
DH_2022_general,Drayton Harbor,2022,general,shiner perch,SI_748,65,
DH_2022_general,Drayton Harbor,2022,general,shiner perch,SI_749,65,
DH_2022_general,Drayton Harbor,2022,general,shiner perch,SI_750,67,
DH_2022_general,Drayton Harbor,2022,general,shiner perch,SI_751,66,
DH_2022_general,Drayton Harbor,2022,general,shiner perch,SI_752,72,
DH_2022_general,Drayton Harbor,2022,general,shiner perch,SI_753,66,
DH_2022_general,Drayton Harbor,2022,general,shiner perch,SI_754,66,
DH_2022_general,Drayton Harbor,2022,general,shiner perch,SI_755,80,
DH_2022_general,Drayton Harbor,2022,general,shiner perch,SI_756,70,
DH_2022_general,Drayton Harbor,2022,general,shiner perch,SI_757,100,
DH_2022_general,Drayton Harbor,2022,general,shiner perch,SI_758,75,
DH_2022_general,Drayton Harbor,2022,general,shiner perch,SI_759,66,
DH_2022_general,Drayton Harbor,2022,general,shiner perch,SI_760,112,
DH_2022_general,Drayton Harbor,2022,general,shiner perch,SI_761,64,
DH_2022_general,Drayton Harbor,2022,general,shiner perch,SI_762,72,
DH_2022_general,Drayton Harbor,2022,general,shiner perch,SI_763,62,
DH_2022_general,Drayton Harbor,2022,general,shiner perch,SI_764,71,
DH_2022_general,Drayton Harbor,2022,general,shiner perch,SI_765,66,
DH_2022_general,Drayton Harbor,2022,general,shiner perch,SI_766,75,
DH_2022_general,Drayton Harbor,2022,general,shiner perch,SI_767,66,
DH_2022_general,Drayton Harbor,2022,general,shiner perch,SI_768,70,
DH_2022_general,Drayton Harbor,2022,general,shiner perch,SI_769,61,
DH_2022_general,Drayton Harbor,2022,general,shiner perch,SI_770,69,
DH_2022_general,Drayton Harbor,2022,general,shiner perch,SI_771,63,
DH_2022_general,Drayton Harbor,2022,general,shiner perch,SI_772,68,
DH_2022_general,Drayton Harbor,2022,general,shiner perch,SI_773,65,
DH_2022_general,Drayton Harbor,2022,general,shiner perch,SI_774,75,
DH_2022_general,Drayton Harbor,2022,general,shiner perch,SI_775,70,
DH_2022_general,Drayton Harbor,2022,general,shiner perch,SI_776,70,
DH_2022_general,Drayton Harbor,2022,general,shiner perch,SI_777,76,
DH_2022_general,Drayton Harbor,2022,general,shiner perch,SI_778,66,
DH_2022_general,Drayton Harbor,2022,general,shiner perch,SI_779,72,
DH_2022_general,Drayton Harbor,2022,general,shiner perch,SI_780,72,
DH_2022_general,Drayton Harbor,2022,general,shiner perch,SI_781,62,
DH_2022_general,Drayton Harbor,2022,general,shiner perch,SI_782,63,
OCS_2021_clamnet,Oyster Creek Samish,2021,clamnet,shore crab,SI_01,,
OCS_2021_clamnet,Oyster Creek Samish,2021,clamnet,shore crab,SI_02,,
OCS_2021_clamnet,Oyster Creek Samish,2021,clamnet,shore crab,SI_03,,
OCS_2021_clamnet,Oyster Creek Samish,2021,clamnet,shore crab,SI_04,,
OCS_2021_clamnet,Oyster Creek Samish,2021,clamnet,shore crab,SI_05,,
DH_2021_eelgrass,Drayton Harbor,2021,eelgrass,shore crab,SI_117,,
DH_2021_eelgrass,Drayton Harbor,2021,eelgrass,shore crab,SI_118,,
OCS_2021_eelgrass,Oyster Creek Samish,2021,eelgrass,shore crab,SI_22,,
OCS_2021_eelgrass,Oyster Creek Samish,2021,eelgrass,shore crab,SI_23,,
OCS_2021_eelgrass,Oyster Creek Samish,2021,eelgrass,shore crab,SI_24,,
OCS_2021_eelgrass,Oyster Creek Samish,2021,eelgrass,shore crab,SI_25,,
OCS_2021_eelgrass,Oyster Creek Samish,2021,eelgrass,shore crab,SI_26,,
OCS_2021_flipbags,Oyster Creek Samish,2021,flipbags,shore crab,SI_39,,
OCS_2021_flipbags,Oyster Creek Samish,2021,flipbags,shore crab,SI_40,,
OCS_2021_flipbags,Oyster Creek Samish,2021,flipbags,shore crab,SI_41,,
OCS_2021_flipbags,Oyster Creek Samish,2021,flipbags,shore crab,SI_42,,
OCS_2021_flipbags,Oyster Creek Samish,2021,flipbags,shore crab,SI_43,,
OCS_2021_mudflat,Oyster Creek Samish,2021,mudflat,shore crab,SI_56,,
OCS_2021_mudflat,Oyster Creek Samish,2021,mudflat,shore crab,SI_57,,
PBR_2021_eelgrass,Padilla Bay Reserve,2021,eelgrass,shore crab,SI_82,,
PBR_2021_eelgrass,Padilla Bay Reserve,2021,eelgrass,shore crab,SI_83,,
PBR_2021_eelgrass,Padilla Bay Reserve,2021,eelgrass,shore crab,SI_84,,
PBR_2021_eelgrass,Padilla Bay Reserve,2021,eelgrass,shore crab,SI_85,,
PBR_2021_eelgrass,Padilla Bay Reserve,2021,eelgrass,shore crab,SI_86,,
DH_2021_flipbags,Drayton Harbor,2021,flipbags,shore crab,SI_97,,
PBR_2020_eelgrass,Padilla Bay Reserve,2020,eelgrass,staghorn sculpin,SI_157,72,
PBR_2020_eelgrass,Padilla Bay Reserve,2020,eelgrass,staghorn sculpin,SI_158,100,
PBR_2020_eelgrass,Padilla Bay Reserve,2020,eelgrass,staghorn sculpin,SI_159,112,
PBR_2020_eelgrass,Padilla Bay Reserve,2020,eelgrass,staghorn sculpin,SI_160,79,
PBR_2020_eelgrass,Padilla Bay Reserve,2020,eelgrass,staghorn sculpin,SI_161,84,
OCS_2021_general,Oyster Creek Samish,2021,general,staghorn sculpin,SS_77,102,"bottom oyster, sparse eelgrass"
OCS_2021_general,Oyster Creek Samish,2021,general,staghorn sculpin,SS_78,119,"bottom oyster, sparse eelgrass"
OCS_2021_general,Oyster Creek Samish,2021,general,staghorn sculpin,SS_79,102,"bottom oyster, sparse eelgrass"
OCS_2021_general,Oyster Creek Samish,2021,general,staghorn sculpin,SS_80,113,"bottom oyster, sparse eelgrass"
OCS_2021_general,Oyster Creek Samish,2021,general,staghorn sculpin,SS_81,76,"bottom oyster, sparse eelgrass"
OCS_2021_general,Oyster Creek Samish,2021,general,staghorn sculpin,SS_87,72,"no oyster, dense eelgrass"
OCS_2021_general,Oyster Creek Samish,2021,general,staghorn sculpin,SS_88,94,"no oyster, dense eelgrass"
OCS_2021_general,Oyster Creek Samish,2021,general,staghorn sculpin,SS_89,105,"no oyster, dense eelgrass"
OCS_2021_general,Oyster Creek Samish,2021,general,staghorn sculpin,SS_90,109,"no oyster, dense eelgrass"
OCS_2021_general,Oyster Creek Samish,2021,general,staghorn sculpin,SS_91,116,"no oyster, dense eelgrass"
OCS_2021_general,Oyster Creek Samish,2021,general,staghorn sculpin,SS_92,91,"bottom oyster, no eelgrass"
OCS_2021_general,Oyster Creek Samish,2021,general,staghorn sculpin,SS_93,75,"bottom oyster, no eelgrass"
OCS_2021_general,Oyster Creek Samish,2021,general,staghorn sculpin,SS_94,82,"bottom oyster, no eelgrass"
OCS_2021_general,Oyster Creek Samish,2021,general,staghorn sculpin,SS_95,80,"bottom oyster, no eelgrass"
OCS_2021_general,Oyster Creek Samish,2021,general,staghorn sculpin,SS_96,103,"bottom oyster, no eelgrass"
OCS_2021_general,Oyster Creek Samish,2021,general,staghorn sculpin,SS_97,78,"bottom oyster, dense eelgrass"
OCS_2021_general,Oyster Creek Samish,2021,general,staghorn sculpin,SS_98,105,"bottom oyster, dense eelgrass"
OCS_2021_general,Oyster Creek Samish,2021,general,staghorn sculpin,SS_99,123,"bottom oyster, dense eelgrass"
OCS_2021_general,Oyster Creek Samish,2021,general,staghorn sculpin,SS_105,79,"no oyster, no eelgrass"
OCS_2021_general,Oyster Creek Samish,2021,general,staghorn sculpin,SS_106,72,"no oyster, no eelgrass"
OCS_2021_general,Oyster Creek Samish,2021,general,staghorn sculpin,SS_107,79,"no oyster, no eelgrass (tissue samples left in cooler overnight, cold but not frozen)"
OCS_2021_general,Oyster Creek Samish,2021,general,staghorn sculpin,SS_108,80,"no oyster, no eelgrass (tissue samples left in cooler overnight, cold but not frozen)"
OCS_2021_general,Oyster Creek Samish,2021,general,staghorn sculpin,SS_109,98,"no oyster, no eelgrass"
OCS_2021_general,Oyster Creek Samish,2021,general,staghorn sculpin,SS_192,100,
OCS_2022_general,Oyster Creek Samish,2022,general,staghorn sculpin,SI_267,86,
OCS_2022_general,Oyster Creek Samish,2022,general,staghorn sculpin,SI_268,98,
OCS_2022_general,Oyster Creek Samish,2022,general,staghorn sculpin,SI_269,83,
OCS_2022_general,Oyster Creek Samish,2022,general,staghorn sculpin,SI_270,81,
OCS_2022_general,Oyster Creek Samish,2022,general,staghorn sculpin,SI_271,78,
OCS_2022_general,Oyster Creek Samish,2022,general,staghorn sculpin,SI_272,70,
OCS_2022_general,Oyster Creek Samish,2022,general,staghorn sculpin,SI_273,65,
OCS_2022_general,Oyster Creek Samish,2022,general,staghorn sculpin,SI_274,73,
OCS_2022_general,Oyster Creek Samish,2022,general,staghorn sculpin,SI_275,71,
OCS_2022_general,Oyster Creek Samish,2022,general,staghorn sculpin,SI_276,80,
OCS_2022_general,Oyster Creek Samish,2022,general,staghorn sculpin,SI_277,65,
OCS_2022_general,Oyster Creek Samish,2022,general,staghorn sculpin,SI_278,55,
OCS_2022_general,Oyster Creek Samish,2022,general,staghorn sculpin,SI_279,54,
OCS_2022_general,Oyster Creek Samish,2022,general,staghorn sculpin,SI_280,58,
OCS_2022_general,Oyster Creek Samish,2022,general,staghorn sculpin,SI_281,53,
OCS_2022_general,Oyster Creek Samish,2022,general,staghorn sculpin,SI_282,53,
OCS_2022_general,Oyster Creek Samish,2022,general,staghorn sculpin,SI_283,53,
OCS_2022_general,Oyster Creek Samish,2022,general,staghorn sculpin,SI_284,40,
OCS_2022_general,Oyster Creek Samish,2022,general,staghorn sculpin,SI_285,41,
OCS_2022_general,Oyster Creek Samish,2022,general,staghorn sculpin,SI_286,49,
OCS_2022_general,Oyster Creek Samish,2022,general,staghorn sculpin,SI_287,42,
OCS_2022_general,Oyster Creek Samish,2022,general,staghorn sculpin,SI_288,49,
OCS_2022_general,Oyster Creek Samish,2022,general,staghorn sculpin,SI_289,50,
OCS_2022_general,Oyster Creek Samish,2022,general,staghorn sculpin,SI_292,82,
OCS_2022_general,Oyster Creek Samish,2022,general,staghorn sculpin,SI_293,65,
OCS_2022_general,Oyster Creek Samish,2022,general,staghorn sculpin,SI_294,44,
OCS_2022_general,Oyster Creek Samish,2022,general,staghorn sculpin,SI_295,39,
OCS_2022_general,Oyster Creek Samish,2022,general,staghorn sculpin,SI_296,65,
OCS_2022_general,Oyster Creek Samish,2022,general,staghorn sculpin,SI_297,45,
OCS_2022_general,Oyster Creek Samish,2022,general,staghorn sculpin,SI_298,65,
OCS_2022_general,Oyster Creek Samish,2022,general,staghorn sculpin,SI_299,50,
OCS_2022_general,Oyster Creek Samish,2022,general,staghorn sculpin,SI_300,69,
OCS_2022_general,Oyster Creek Samish,2022,general,staghorn sculpin,SI_301,61,
OCS_2022_general,Oyster Creek Samish,2022,general,staghorn sculpin,SI_302,31,
OCS_2022_general,Oyster Creek Samish,2022,general,staghorn sculpin,SI_303,100,
OCS_2022_general,Oyster Creek Samish,2022,general,staghorn sculpin,SI_304,111,
OCS_2022_general,Oyster Creek Samish,2022,general,staghorn sculpin,SI_305,80,
OCS_2022_general,Oyster Creek Samish,2022,general,staghorn sculpin,SI_306,75,
OCS_2022_general,Oyster Creek Samish,2022,general,staghorn sculpin,SI_307,46,
OCS_2022_general,Oyster Creek Samish,2022,general,staghorn sculpin,SI_308,85,
OCS_2022_general,Oyster Creek Samish,2022,general,staghorn sculpin,SI_309,65,
OCS_2022_general,Oyster Creek Samish,2022,general,staghorn sculpin,SI_310,94,
OCS_2022_general,Oyster Creek Samish,2022,general,staghorn sculpin,SI_311,79,
OCS_2022_general,Oyster Creek Samish,2022,general,staghorn sculpin,SI_312,76,
OCS_2022_general,Oyster Creek Samish,2022,general,staghorn sculpin,SI_313,71,
OCS_2022_general,Oyster Creek Samish,2022,general,staghorn sculpin,SI_314,70,
OCS_2022_general,Oyster Creek Samish,2022,general,staghorn sculpin,SI_315,69,
OCS_2022_general,Oyster Creek Samish,2022,general,staghorn sculpin,SI_316,71,
OCS_2022_general,Oyster Creek Samish,2022,general,staghorn sculpin,SI_317,66,
OCS_2022_general,Oyster Creek Samish,2022,general,staghorn sculpin,SI_318,63,
OCS_2022_general,Oyster Creek Samish,2022,general,staghorn sculpin,SI_319,59,
OCS_2022_general,Oyster Creek Samish,2022,general,staghorn sculpin,SI_320,71,
OCS_2022_general,Oyster Creek Samish,2022,general,staghorn sculpin,SI_321,66,
OCS_2022_general,Oyster Creek Samish,2022,general,staghorn sculpin,SI_322,67,
OCS_2022_general,Oyster Creek Samish,2022,general,staghorn sculpin,SI_323,61,
OCS_2022_general,Oyster Creek Samish,2022,general,staghorn sculpin,SI_324,63,
OCS_2022_general,Oyster Creek Samish,2022,general,staghorn sculpin,SI_325,57,
OCS_2022_general,Oyster Creek Samish,2022,general,staghorn sculpin,SI_326,60,
OCS_2022_general,Oyster Creek Samish,2022,general,staghorn sculpin,SI_327,40,
OCS_2022_general,Oyster Creek Samish,2022,general,staghorn sculpin,SI_328,67,
OCS_2022_general,Oyster Creek Samish,2022,general,staghorn sculpin,SI_329,69,
OCS_2022_general,Oyster Creek Samish,2022,general,staghorn sculpin,SI_330,54,
OCS_2022_general,Oyster Creek Samish,2022,general,staghorn sculpin,SI_331,55,
OCS_2022_general,Oyster Creek Samish,2022,general,staghorn sculpin,SI_332,56,
OCS_2022_general,Oyster Creek Samish,2022,general,staghorn sculpin,SI_333,58,
OCS_2022_general,Oyster Creek Samish,2022,general,staghorn sculpin,SI_334,55,
OCS_2022_general,Oyster Creek Samish,2022,general,staghorn sculpin,SI_335,52,
OCS_2022_general,Oyster Creek Samish,2022,general,staghorn sculpin,SI_336,52,
OCS_2022_general,Oyster Creek Samish,2022,general,staghorn sculpin,SI_337,56,
OCS_2022_general,Oyster Creek Samish,2022,general,staghorn sculpin,SI_338,50,
OCS_2022_general,Oyster Creek Samish,2022,general,staghorn sculpin,SI_339,46,
OCS_2022_general,Oyster Creek Samish,2022,general,staghorn sculpin,SI_340,50,
OCS_2022_general,Oyster Creek Samish,2022,general,staghorn sculpin,SI_341,42,
OCS_2022_general,Oyster Creek Samish,2022,general,staghorn sculpin,SI_342,40,
OCS_2022_general,Oyster Creek Samish,2022,general,staghorn sculpin,SI_343,40,
OCS_2022_general,Oyster Creek Samish,2022,general,staghorn sculpin,SI_344,42,
OCS_2022_general,Oyster Creek Samish,2022,general,staghorn sculpin,SI_345,39,
PBR_2022_eelgrass,Padilla Bay Reserve,2022,eelgrass,staghorn sculpin,SI_504,85,
PBR_2022_eelgrass,Padilla Bay Reserve,2022,eelgrass,staghorn sculpin,SI_505,50,
PBR_2022_eelgrass,Padilla Bay Reserve,2022,eelgrass,staghorn sculpin,SI_506,60,
PBR_2022_eelgrass,Padilla Bay Reserve,2022,eelgrass,staghorn sculpin,SI_507,92,
PBR_2022_eelgrass,Padilla Bay Reserve,2022,eelgrass,staghorn sculpin,SI_508,48,
PBR_2022_eelgrass,Padilla Bay Reserve,2022,eelgrass,staghorn sculpin,SI_509,69,
PBR_2022_eelgrass,Padilla Bay Reserve,2022,eelgrass,staghorn sculpin,SI_510,101,
PBR_2022_eelgrass,Padilla Bay Reserve,2022,eelgrass,staghorn sculpin,SI_511,92,
PBR_2022_eelgrass,Padilla Bay Reserve,2022,eelgrass,staghorn sculpin,SI_512,74,
PBR_2022_eelgrass,Padilla Bay Reserve,2022,eelgrass,staghorn sculpin,SI_513,81,
PBR_2022_eelgrass,Padilla Bay Reserve,2022,eelgrass,staghorn sculpin,SI_514,102,
PBR_2022_eelgrass,Padilla Bay Reserve,2022,eelgrass,staghorn sculpin,SI_515,88,
PBR_2022_eelgrass,Padilla Bay Reserve,2022,eelgrass,staghorn sculpin,SI_516,55,
PBR_2022_eelgrass,Padilla Bay Reserve,2022,eelgrass,staghorn sculpin,SI_517,101,
PBR_2022_eelgrass,Padilla Bay Reserve,2022,eelgrass,staghorn sculpin,SI_518,75,
PBR_2022_eelgrass,Padilla Bay Reserve,2022,eelgrass,staghorn sculpin,SI_519,56,
PBR_2022_eelgrass,Padilla Bay Reserve,2022,eelgrass,staghorn sculpin,SI_520,69,
PBR_2022_eelgrass,Padilla Bay Reserve,2022,eelgrass,staghorn sculpin,SI_521,80,
PBR_2022_eelgrass,Padilla Bay Reserve,2022,eelgrass,staghorn sculpin,SI_522,78,
PBR_2022_eelgrass,Padilla Bay Reserve,2022,eelgrass,staghorn sculpin,SI_523,67,
PBR_2022_eelgrass,Padilla Bay Reserve,2022,eelgrass,staghorn sculpin,SI_524,100,
PBR_2022_eelgrass,Padilla Bay Reserve,2022,eelgrass,staghorn sculpin,SI_525,93,
PBR_2022_eelgrass,Padilla Bay Reserve,2022,eelgrass,staghorn sculpin,SI_526,85,
PBR_2022_eelgrass,Padilla Bay Reserve,2022,eelgrass,staghorn sculpin,SI_527,133,
DH_2022_general,Drayton Harbor,2022,general,staghorn sculpin,SI_674,110,
DH_2022_general,Drayton Harbor,2022,general,staghorn sculpin,SI_675,110,
DH_2022_general,Drayton Harbor,2022,general,staghorn sculpin,SI_676,55,
DH_2022_general,Drayton Harbor,2022,general,staghorn sculpin,SI_677,97,
DH_2022_general,Drayton Harbor,2022,general,staghorn sculpin,SI_678,130,
DH_2022_general,Drayton Harbor,2022,general,staghorn sculpin,SI_679,150,
DH_2022_general,Drayton Harbor,2022,general,staghorn sculpin,SI_680,112,
DH_2022_general,Drayton Harbor,2022,general,staghorn sculpin,SI_681,110,
DH_2022_general,Drayton Harbor,2022,general,staghorn sculpin,SI_682,113,
DH_2022_general,Drayton Harbor,2022,general,staghorn sculpin,SI_683,117,
DH_2022_general,Drayton Harbor,2022,general,staghorn sculpin,SI_684,112,
DH_2022_general,Drayton Harbor,2022,general,staghorn sculpin,SI_685,90,
DH_2022_general,Drayton Harbor,2022,general,staghorn sculpin,SI_686,115,
DH_2022_general,Drayton Harbor,2022,general,staghorn sculpin,SI_687,75,
DH_2022_general,Drayton Harbor,2022,general,staghorn sculpin,SI_688,108,
DH_2022_general,Drayton Harbor,2022,general,staghorn sculpin,SI_689,104,
DH_2022_general,Drayton Harbor,2022,general,staghorn sculpin,SI_690,142,
DH_2022_general,Drayton Harbor,2022,general,staghorn sculpin,SI_691,82,
DH_2022_general,Drayton Harbor,2022,general,staghorn sculpin,SI_692,113,
DH_2022_general,Drayton Harbor,2022,general,staghorn sculpin,SI_693,142,
DH_2022_general,Drayton Harbor,2022,general,staghorn sculpin,SI_694,105,
DH_2022_general,Drayton Harbor,2022,general,staghorn sculpin,SI_695,96,
DH_2022_general,Drayton Harbor,2022,general,staghorn sculpin,SI_696,86,
DH_2022_general,Drayton Harbor,2022,general,staghorn sculpin,SI_697,109,
DH_2022_general,Drayton Harbor,2022,general,staghorn sculpin,SI_698,62,
DH_2022_general,Drayton Harbor,2022,general,staghorn sculpin,SI_699,110,
DH_2022_general,Drayton Harbor,2022,general,staghorn sculpin,SI_700,84,
DH_2022_general,Drayton Harbor,2022,general,staghorn sculpin,SI_701,139,
DH_2022_general,Drayton Harbor,2022,general,staghorn sculpin,SI_702,104,
DH_2022_general,Drayton Harbor,2022,general,staghorn sculpin,SI_703,95,
DH_2022_general,Drayton Harbor,2022,general,staghorn sculpin,SI_704,80,
DH_2022_general,Drayton Harbor,2022,general,staghorn sculpin,SI_705,93,
DH_2022_general,Drayton Harbor,2022,general,staghorn sculpin,SI_706,123,
DH_2022_general,Drayton Harbor,2022,general,staghorn sculpin,SI_707,95,
DH_2022_general,Drayton Harbor,2022,general,staghorn sculpin,SI_708,86,
DH_2022_general,Drayton Harbor,2022,general,staghorn sculpin,SI_709,84,
DH_2022_general,Drayton Harbor,2022,general,staghorn sculpin,SI_710,110,
DH_2022_general,Drayton Harbor,2022,general,staghorn sculpin,SI_711,145,
DH_2022_general,Drayton Harbor,2022,general,staghorn sculpin,SI_712,97,
DH_2022_general,Drayton Harbor,2022,general,staghorn sculpin,SI_713,97,
DH_2022_general,Drayton Harbor,2022,general,staghorn sculpin,SI_714,135,
DH_2022_general,Drayton Harbor,2022,general,staghorn sculpin,SI_715,125,
DH_2022_general,Drayton Harbor,2022,general,staghorn sculpin,SI_716,190,
DH_2022_general,Drayton Harbor,2022,general,staghorn sculpin,SI_717,150,
OCS_2021_general,Oyster Creek Samish,2021,general,starry flounder,SF_115,81,"no oyster, dense eelgrass"
OCS_2021_general,Oyster Creek Samish,2021,general,starry flounder,SF_116,69,"no oyster, dense eelgrass - stomach burst, took stomach and whole gut"
OCS_2021_general,Oyster Creek Samish,2021,general,starry flounder,SF_117,61,"no oyster, dense eelgrass - took stomach and whole gut"
OCS_2021_general,Oyster Creek Samish,2021,general,starry flounder,SF_118,70,"no oyster, dense eelgrass - took stomach and whole gut"
OCS_2021_general,Oyster Creek Samish,2021,general,starry flounder,SF_119,61,"no oyster, dense eelgrass - took stomach and whole gut"
OCS_2021_general,Oyster Creek Samish,2021,general,starry flounder,SF_120,83,"no oyster, dense eelgrass (label says ""dense-no"", but assuming they mean ""no-dense"") - goopy gut"
OCS_2021_general,Oyster Creek Samish,2021,general,starry flounder,SF_121,83,"no oyster, dense eelgrass (label says ""dense-no"", but assuming they mean ""no-dense"") - goopy gut"
OCS_2021_general,Oyster Creek Samish,2021,general,starry flounder,SF_122,84,"no oyster, dense eelgrass (label says ""dense-no"", but assuming they mean ""no-dense"") - goopy gut"
OCS_2021_general,Oyster Creek Samish,2021,general,starry flounder,SF_123,84,"no oyster, dense eelgrass (label says ""dense-no"", but assuming they mean ""no-dense"") - goopy gut"
OCS_2021_general,Oyster Creek Samish,2021,general,starry flounder,SF_124,68,"no oyster, dense eelgrass (label says ""dense-no"", but assuming they mean ""no-dense"") - goopy gut"
OCS_2021_general,Oyster Creek Samish,2021,general,starry flounder,SF_172,73,
OCS_2021_general,Oyster Creek Samish,2021,general,starry flounder,SF_173,93,
OCS_2021_general,Oyster Creek Samish,2021,general,starry flounder,SF_174,77,
OCS_2021_general,Oyster Creek Samish,2021,general,starry flounder,SF_175,80,
OCS_2021_general,Oyster Creek Samish,2021,general,starry flounder,SF_176,,
OCS_2021_general,Oyster Creek Samish,2021,general,starry flounder,SF_189,79,
OCS_2021_general,Oyster Creek Samish,2021,general,starry flounder,SF_190,74,
OCS_2021_general,Oyster Creek Samish,2021,general,starry flounder,SF_191,94,
DH_2022_general,Drayton Harbor,2022,general,starry flounder,SI_615,75,
DH_2022_general,Drayton Harbor,2022,general,starry flounder,SI_616,76,
DH_2022_general,Drayton Harbor,2022,general,starry flounder,SI_617,90,
DH_2022_general,Drayton Harbor,2022,general,starry flounder,SI_618,81,
DH_2022_general,Drayton Harbor,2022,general,starry flounder,SI_619,70,
DH_2022_general,Drayton Harbor,2022,general,starry flounder,SI_620,82,
DH_2022_general,Drayton Harbor,2022,general,starry flounder,SI_621,91,
DH_2022_general,Drayton Harbor,2022,general,starry flounder,SI_622,88,
DH_2022_general,Drayton Harbor,2022,general,starry flounder,SI_623,80,
DH_2022_general,Drayton Harbor,2022,general,starry flounder,SI_624,75,
DH_2022_general,Drayton Harbor,2022,general,starry flounder,SI_625,65,
DH_2022_general,Drayton Harbor,2022,general,starry flounder,SI_626,65,
DH_2022_general,Drayton Harbor,2022,general,starry flounder,SI_627,76,
DH_2022_general,Drayton Harbor,2022,general,starry flounder,SI_628,79,
DH_2022_general,Drayton Harbor,2022,general,starry flounder,SI_629,86,
DH_2022_general,Drayton Harbor,2022,general,starry flounder,SI_630,62,
DH_2022_general,Drayton Harbor,2022,general,starry flounder,SI_631,80,
DH_2022_general,Drayton Harbor,2022,general,starry flounder,SI_632,76,
DH_2022_general,Drayton Harbor,2022,general,starry flounder,SI_633,160,
OCS_2021_general,Oyster Creek Samish,2021,general,stickleback,SB_167,62,
OCS_2021_general,Oyster Creek Samish,2021,general,stickleback,SB_168,72,
OCS_2021_general,Oyster Creek Samish,2021,general,stickleback,SB_169,70,
OCS_2021_general,Oyster Creek Samish,2021,general,stickleback,SB_170,76,lots of parasitic external copepods
OCS_2021_general,Oyster Creek Samish,2021,general,stickleback,SB_171,67,
OCS_2021_general,Oyster Creek Samish,2021,general,stickleback,SB_302,26,"No oyster, Dense eelgrass whole fish"
OCS_2021_general,Oyster Creek Samish,2021,general,stickleback,SB_303,33,"No oyster, Dense eelgrass whole fish"
OCS_2021_general,Oyster Creek Samish,2021,general,stickleback,SB_304,29,"No oyster, Dense eelgrass whole fish"
OCS_2021_general,Oyster Creek Samish,2021,general,stickleback,SB_305,31,"No oyster, Dense eelgrass whole fish"
OCS_2021_general,Oyster Creek Samish,2021,general,stickleback,SB_306,22,"No oyster, Dense eelgrass whole fish"
OCS_2021_general,Oyster Creek Samish,2021,general,stickleback,SB_307,22,
OCS_2021_general,Oyster Creek Samish,2021,general,stickleback,SB_308,16,
OCS_2021_general,Oyster Creek Samish,2021,general,stickleback,SB_309,22,
OCS_2021_general,Oyster Creek Samish,2021,general,stickleback,SB_310,21,
OCS_2021_general,Oyster Creek Samish,2021,general,stickleback,SB_311,23,
OCS_2021_general,Oyster Creek Samish,2021,general,stickleback,SB_312,21,
OCS_2022_general,Oyster Creek Samish,2022,general,stickleback,SI_199,62,
OCS_2022_general,Oyster Creek Samish,2022,general,stickleback,SI_200,40,
OCS_2022_general,Oyster Creek Samish,2022,general,stickleback,SI_201,20,
OCS_2022_general,Oyster Creek Samish,2022,general,stickleback,SI_202,23,
OCS_2022_general,Oyster Creek Samish,2022,general,stickleback,SI_203,25,
OCS_2022_general,Oyster Creek Samish,2022,general,stickleback,SI_204,75,
OCS_2022_general,Oyster Creek Samish,2022,general,stickleback,SI_205,70,
OCS_2022_general,Oyster Creek Samish,2022,general,stickleback,SI_206,70,
OCS_2022_general,Oyster Creek Samish,2022,general,stickleback,SI_207,35,
OCS_2022_general,Oyster Creek Samish,2022,general,stickleback,SI_208,35,
OCS_2022_general,Oyster Creek Samish,2022,general,stickleback,SI_209,33,
OCS_2022_general,Oyster Creek Samish,2022,general,stickleback,SI_210,30,
OCS_2022_general,Oyster Creek Samish,2022,general,stickleback,SI_211,27,
OCS_2022_general,Oyster Creek Samish,2022,general,stickleback,SI_212,29,
OCS_2022_general,Oyster Creek Samish,2022,general,stickleback,SI_213,30,
OCS_2022_general,Oyster Creek Samish,2022,general,stickleback,SI_214,29,
OCS_2022_general,Oyster Creek Samish,2022,general,stickleback,SI_215,26,
OCS_2022_general,Oyster Creek Samish,2022,general,stickleback,SI_216,27,
OCS_2022_general,Oyster Creek Samish,2022,general,stickleback,SI_217,26,
OCS_2022_general,Oyster Creek Samish,2022,general,stickleback,SI_218,26,
OCS_2022_general,Oyster Creek Samish,2022,general,stickleback,SI_219,25,
OCS_2022_general,Oyster Creek Samish,2022,general,stickleback,SI_220,22,
OCS_2022_general,Oyster Creek Samish,2022,general,stickleback,SI_221,26,
OCS_2022_general,Oyster Creek Samish,2022,general,stickleback,SI_222,21,
OCS_2022_general,Oyster Creek Samish,2022,general,stickleback,SI_223,24,
OCS_2022_general,Oyster Creek Samish,2022,general,stickleback,SI_224,25,
OCS_2022_general,Oyster Creek Samish,2022,general,stickleback,SI_225,23,
OCS_2022_general,Oyster Creek Samish,2022,general,stickleback,SI_226,21,
OCS_2022_general,Oyster Creek Samish,2022,general,stickleback,SI_227,19,
OCS_2022_general,Oyster Creek Samish,2022,general,stickleback,SI_228,23,
OCS_2022_general,Oyster Creek Samish,2022,general,stickleback,SI_229,20,
OCS_2022_general,Oyster Creek Samish,2022,general,stickleback,SI_291,20,
PBR_2022_eelgrass,Padilla Bay Reserve,2022,eelgrass,stickleback,SI_411,75,
PBR_2022_eelgrass,Padilla Bay Reserve,2022,eelgrass,stickleback,SI_412,72,
PBR_2022_eelgrass,Padilla Bay Reserve,2022,eelgrass,stickleback,SI_413,72,
PBR_2022_eelgrass,Padilla Bay Reserve,2022,eelgrass,stickleback,SI_414,66,
PBR_2022_eelgrass,Padilla Bay Reserve,2022,eelgrass,stickleback,SI_415,66,
PBR_2022_eelgrass,Padilla Bay Reserve,2022,eelgrass,stickleback,SI_416,60,
PBR_2022_eelgrass,Padilla Bay Reserve,2022,eelgrass,stickleback,SI_417,33,
PBR_2022_eelgrass,Padilla Bay Reserve,2022,eelgrass,stickleback,SI_418,29,
PBR_2022_eelgrass,Padilla Bay Reserve,2022,eelgrass,stickleback,SI_447,73,
PBR_2022_eelgrass,Padilla Bay Reserve,2022,eelgrass,stickleback,SI_479,71,
PBR_2022_eelgrass,Padilla Bay Reserve,2022,eelgrass,stickleback,SI_480,67,
PBR_2022_eelgrass,Padilla Bay Reserve,2022,eelgrass,stickleback,SI_481,67,
PBR_2022_eelgrass,Padilla Bay Reserve,2022,eelgrass,stickleback,SI_482,71,
PBR_2022_eelgrass,Padilla Bay Reserve,2022,eelgrass,stickleback,SI_483,70,
PBR_2022_eelgrass,Padilla Bay Reserve,2022,eelgrass,stickleback,SI_484,66,
PBR_2022_eelgrass,Padilla Bay Reserve,2022,eelgrass,stickleback,SI_485,78,
PBR_2022_eelgrass,Padilla Bay Reserve,2022,eelgrass,stickleback,SI_486,65,
PBR_2022_eelgrass,Padilla Bay Reserve,2022,eelgrass,stickleback,SI_487,76,
PBR_2022_eelgrass,Padilla Bay Reserve,2022,eelgrass,stickleback,SI_488,67,
PBR_2022_eelgrass,Padilla Bay Reserve,2022,eelgrass,stickleback,SI_489,65,
PBR_2022_eelgrass,Padilla Bay Reserve,2022,eelgrass,stickleback,SI_490,65,
PBR_2022_eelgrass,Padilla Bay Reserve,2022,eelgrass,stickleback,SI_491,72,
PBR_2022_eelgrass,Padilla Bay Reserve,2022,eelgrass,stickleback,SI_492,68,
PBR_2022_eelgrass,Padilla Bay Reserve,2022,eelgrass,stickleback,SI_493,20,
PBR_2022_eelgrass,Padilla Bay Reserve,2022,eelgrass,stickleback,SI_494,20,
PBR_2022_eelgrass,Padilla Bay Reserve,2022,eelgrass,stickleback,SI_495,30,
PBR_2022_eelgrass,Padilla Bay Reserve,2022,eelgrass,stickleback,SI_496,18,
PBR_2022_eelgrass,Padilla Bay Reserve,2022,eelgrass,stickleback,SI_497,15,
PBR_2022_eelgrass,Padilla Bay Reserve,2022,eelgrass,stickleback,SI_498,16,
PBR_2022_eelgrass,Padilla Bay Reserve,2022,eelgrass,stickleback,SI_499,22,
PBR_2022_eelgrass,Padilla Bay Reserve,2022,eelgrass,stickleback,SI_500,25,
PBR_2022_eelgrass,Padilla Bay Reserve,2022,eelgrass,stickleback,SI_501,16,
PBR_2022_eelgrass,Padilla Bay Reserve,2022,eelgrass,stickleback,SI_502,23,
PBR_2022_eelgrass,Padilla Bay Reserve,2022,eelgrass,stickleback,SI_503,19,
OCS_2022_general,Oyster Creek Samish,2022,general,stickleback,SI_528,30,
OCS_2022_general,Oyster Creek Samish,2022,general,stickleback,SI_529,27,
OCS_2022_general,Oyster Creek Samish,2022,general,stickleback,SI_530,33,
OCS_2022_general,Oyster Creek Samish,2022,general,stickleback,SI_531,65,
OCS_2022_general,Oyster Creek Samish,2022,general,stickleback,SI_532,70,
OCS_2022_general,Oyster Creek Samish,2022,general,stickleback,SI_533,65,
OCS_2022_general,Oyster Creek Samish,2022,general,stickleback,SI_534,68,
OCS_2022_general,Oyster Creek Samish,2022,general,stickleback,SI_535,69,
OCS_2022_general,Oyster Creek Samish,2022,general,stickleback,SI_577,30,
DH_2022_general,Drayton Harbor,2022,general,stickleback,SI_634,65,
DH_2022_general,Drayton Harbor,2022,general,stickleback,SI_635,70,
DH_2022_general,Drayton Harbor,2022,general,stickleback,SI_636,75,
DH_2022_general,Drayton Harbor,2022,general,stickleback,SI_637,70,
DH_2022_general,Drayton Harbor,2022,general,stickleback,SI_638,72,
DH_2022_general,Drayton Harbor,2022,general,stickleback,SI_639,70,
DH_2022_general,Drayton Harbor,2022,general,stickleback,SI_640,73,
DH_2022_general,Drayton Harbor,2022,general,stickleback,SI_641,77,
DH_2022_general,Drayton Harbor,2022,general,stickleback,SI_642,70,
DH_2022_general,Drayton Harbor,2022,general,stickleback,SI_643,76,
DH_2022_general,Drayton Harbor,2022,general,stickleback,SI_644,67,
DH_2022_general,Drayton Harbor,2022,general,stickleback,SI_645,74,
DH_2022_general,Drayton Harbor,2022,general,stickleback,SI_646,65,
DH_2022_general,Drayton Harbor,2022,general,stickleback,SI_647,65,
DH_2022_general,Drayton Harbor,2022,general,stickleback,SI_648,72,
DH_2022_general,Drayton Harbor,2022,general,stickleback,SI_649,47,
DH_2022_general,Drayton Harbor,2022,general,stickleback,SI_650,71,
DH_2022_general,Drayton Harbor,2022,general,stickleback,SI_651,70,
DH_2022_general,Drayton Harbor,2022,general,stickleback,SI_652,73,
DH_2022_general,Drayton Harbor,2022,general,stickleback,SI_653,70,
DH_2022_general,Drayton Harbor,2022,general,stickleback,SI_654,25,
DH_2022_general,Drayton Harbor,2022,general,stickleback,SI_655,25,
DH_2022_general,Drayton Harbor,2022,general,stickleback,SI_656,25,
DH_2022_general,Drayton Harbor,2022,general,stickleback,SI_657,25,
DH_2022_general,Drayton Harbor,2022,general,stickleback,SI_658,20,
DH_2022_general,Drayton Harbor,2022,general,stickleback,SI_659,25,
DH_2022_general,Drayton Harbor,2022,general,stickleback,SI_660,25,
DH_2022_general,Drayton Harbor,2022,general,stickleback,SI_661,25,
DH_2022_general,Drayton Harbor,2022,general,stickleback,SI_662,25,
DH_2022_general,Drayton Harbor,2022,general,stickleback,SI_663,25,
DH_2022_general,Drayton Harbor,2022,general,stickleback,SI_664,25,
DH_2022_general,Drayton Harbor,2022,general,stickleback,SI_665,20,
DH_2022_general,Drayton Harbor,2022,general,stickleback,SI_666,20,
DH_2022_general,Drayton Harbor,2022,general,stickleback,SI_667,25,
DH_2022_general,Drayton Harbor,2022,general,stickleback,SI_668,20,
DH_2022_general,Drayton Harbor,2022,general,stickleback,SI_669,20,
DH_2022_general,Drayton Harbor,2022,general,stickleback,SI_670,20,
DH_2022_general,Drayton Harbor,2022,general,stickleback,SI_671,20,
DH_2022_general,Drayton Harbor,2022,general,stickleback,SI_672,20,
DH_2022_general,Drayton Harbor,2022,general,stickleback,SI_673,20,